C11,C12,C13,C22,C23,C33
1.10E-09,3.30E-10,4.12E-22,1.10E-09,4.17E-22,3.85E-10
0.010025898,3.70E-05,8.71E-15,0.010025898,7.06E-15,5.69E-07
0.020078733,0.000149331,1.68E-14,0.020078733,1.61E-14,4.22E-06
0.03016088,0.000335676,2.39E-14,0.03016088,2.57E-14,1.41E-05
0.0402737,0.000596188,3.25E-14,0.0402737,3.09E-14,3.36E-05
0.050418305,0.000931349,3.92E-14,0.050418305,4.06E-14,6.60E-05
0.060595746,0.001341764,4.90E-14,0.060595746,4.94E-14,0.000114823
0.070807053,0.001828095,5.56E-14,0.070807053,5.56E-14,0.000183842
0.081053256,0.002391043,6.37E-14,0.081053256,6.38E-14,0.000276837
0.091335392,0.003031336,7.09E-14,0.091335392,7.62E-14,0.000397788
0.101654507,0.003749729,7.90E-14,0.101654507,7.76E-14,0.00055084
0.112011661,0.004546999,8.62E-14,0.112011661,8.98E-14,0.000740313
0.122407928,0.005423947,9.07E-14,0.122407928,9.16E-14,0.000970712
0.132844403,0.006381395,1.02E-13,0.132844403,1.00E-13,0.001246728
0.143322193,0.00742019,1.07E-13,0.143322193,1.11E-13,0.001573251
0.153842427,0.0085412,1.15E-13,0.153842427,1.12E-13,0.001955372
0.164406255,0.009745317,1.24E-13,0.164406255,1.28E-13,0.002398393
0.175014844,0.011033455,1.26E-13,0.175014844,1.31E-13,0.002907825
0.185669386,0.012406555,1.33E-13,0.185669386,1.37E-13,0.003489396
0.196371091,0.013865582,1.44E-13,0.196371091,1.40E-13,0.004149047
0.207121196,0.015411523,1.50E-13,0.207121196,1.55E-13,0.004892938
0.217920959,0.017045397,1.53E-13,0.217920959,1.55E-13,0.005727442
0.228771663,0.018768243,1.67E-13,0.228771663,1.63E-13,0.00665914
0.239674613,0.020581131,1.68E-13,0.239674613,1.68E-13,0.007694816
0.25063114,0.022485156,1.74E-13,0.25063114,1.82E-13,0.008841445
0.261642596,0.024481438,1.83E-13,0.261642596,1.81E-13,0.010106183
0.272710351,0.026571132,1.87E-13,0.272710351,1.88E-13,0.011496348
0.283835801,0.028755423,1.92E-13,0.283835801,1.88E-13,0.0130194
0.295020367,0.031035536,2.03E-13,0.295020367,2.00E-13,0.01468292
0.306265504,0.033412745,2.08E-13,0.306265504,2.10E-13,0.016494575
0.317572719,0.035888384,2.09E-13,0.317572719,2.14E-13,0.018462092
0.328943589,0.038463856,2.17E-13,0.328943589,2.14E-13,0.020593212
0.34037979,0.041140648,2.28E-13,0.34037979,2.22E-13,0.022895653
0.351883122,0.043920345,2.27E-13,0.351883122,2.31E-13,0.025377054
0.363455549,0.046804629,2.35E-13,0.363455549,2.34E-13,0.028044923
0.375099223,0.049795293,2.34E-13,0.375099223,2.37E-13,0.030906577
0.38681651,0.052894235,2.45E-13,0.38681651,2.42E-13,0.033969074
0.398610016,0.056103446,2.55E-13,0.398610016,2.54E-13,0.037239137
0.410482585,0.059425001,2.57E-13,0.410482585,2.52E-13,0.040723084
0.422437305,0.062861029,2.62E-13,0.422437305,2.58E-13,0.044426736
0.434477483,0.066413685,2.64E-13,0.434477483,2.65E-13,0.048355338
0.446606614,0.070085106,2.73E-13,0.446606614,2.71E-13,0.052513461
0.458828333,0.073877363,2.79E-13,0.458828333,2.74E-13,0.056904916
0.471146349,0.07779241,2.80E-13,0.471146349,2.85E-13,0.061532655
0.483564371,0.081832017,2.83E-13,0.483564371,2.86E-13,0.066398678
0.496086013,0.085997709,2.89E-13,0.496086013,2.92E-13,0.071503944
0.508714698,0.090290693,2.96E-13,0.508714698,2.96E-13,0.076848282
0.521453548,0.094711786,3.05E-13,0.521453548,3.02E-13,0.082430311
0.534305272,0.099261344,3.03E-13,0.534305272,3.00E-13,0.08824737
0.547272051,0.103939189,3.05E-13,0.547272051,3.07E-13,0.094295455
0.560355421,0.108744544,3.12E-13,0.560355421,3.13E-13,0.100569175
0.57355616,0.113675965,3.13E-13,0.57355616,3.13E-13,0.107061719
0.586874189,0.118731289,3.20E-13,0.586874189,3.22E-13,0.113764844
0.600308465,0.123907581,3.27E-13,0.600308465,3.24E-13,0.120668876
0.627516266,0.134607273,3.35E-13,0.627516266,3.29E-13,0.135034002
0.641282164,0.140120665,3.35E-13,0.641282164,3.34E-13,0.142468935
0.655148938,0.145734991,3.37E-13,0.655148938,3.42E-13,0.150052602
0.669109652,0.151443117,3.45E-13,0.669109652,3.38E-13,0.15776896
0.683156065,0.157237081,3.46E-13,0.683156065,3.43E-13,0.165600974
0.711466409,0.169046723,3.52E-13,0.711466409,3.49E-13,0.181539695
0.725707256,0.175042667,3.60E-13,0.725707256,3.56E-13,0.189608624
0.739987664,0.181085088,3.59E-13,0.739987664,3.61E-13,0.197717956
0.768606925,0.193263078,3.67E-13,0.768606925,3.70E-13,0.213978363
0.78291263,0.199374313,3.70E-13,0.78291263,3.67E-13,0.22208959
0.811424724,0.211577654,3.76E-13,0.811424724,3.71E-13,0.238175636
0.825591308,0.217643535,3.75E-13,0.825591308,3.78E-13,0.246112081
0.839670061,0.223667824,3.77E-13,0.839670061,3.76E-13,0.253952718
0.853638696,0.229637146,3.76E-13,0.853638696,3.85E-13,0.261679744
0.867474088,0.23553816,3.77E-13,0.867474088,3.86E-13,0.26927606
0.881152347,0.24135762,3.88E-13,0.881152347,3.87E-13,0.27672534
0.894648888,0.247082449,3.87E-13,0.894648888,3.95E-13,0.28401207
0.907938515,0.252699793,3.87E-13,0.907938515,3.93E-13,0.291121589
0.9209955,0.258197085,3.90E-13,0.9209955,4.00E-13,0.298040107
0.93379367,0.263562092,3.88E-13,0.93379367,3.88E-13,0.304754717
0.9463065,0.268782964,3.98E-13,0.9463065,3.97E-13,0.311253391
0.958507213,0.273848276,4.00E-13,0.958507213,3.97E-13,0.317524974
0.970368884,0.278747065,4.06E-13,0.970368884,4.01E-13,0.323559162
0.981864548,0.283468859,4.04E-13,0.981864548,4.03E-13,0.329346482
0.992967317,0.28800371,4.01E-13,0.992967317,4.10E-13,0.334878254
1.003650504,0.292342207,4.05E-13,1.003650504,4.06E-13,0.340146565
1.01388775,0.296475496,4.10E-13,1.01388775,4.03E-13,0.345144226
1.023653154,0.300395294,4.04E-13,1.023653154,4.05E-13,0.349864733
1.032921415,0.304093891,4.04E-13,1.032921415,4.10E-13,0.354302227
1.041667967,0.307564154,4.09E-13,1.041667967,4.18E-13,0.358451451
1.049869127,0.310799527,4.11E-13,1.049869127,4.12E-13,0.362307711
1.057502232,0.313794023,4.10E-13,1.057502232,4.08E-13,0.365866834
1.064545785,0.316542214,4.10E-13,1.064545785,4.13E-13,0.369125129
1.070979594,0.319039224,4.08E-13,1.070979594,4.14E-13,0.372079349
1.076784903,0.321280712,4.09E-13,1.076784903,4.10E-13,0.374726656
1.081944522,0.323262858,4.16E-13,1.081944522,4.14E-13,0.377064587
1.086442943,0.324982348,4.16E-13,1.086442943,4.20E-13,0.379091018
1.090266437,0.326436356,4.14E-13,1.090266437,4.15E-13,0.380804133
1.093403132,0.327622538,4.17E-13,1.093403132,4.17E-13,0.382202379
1.098901099,0.32967033,4.13E-13,1.098901099,4.14E-13,0.384615385
1.10E-09,3.30E-10,4.12E-22,1.10E-09,4.17E-22,3.85E-10
0.012595239,0.002577968,1.23E-14,0.012595239,1.20E-14,0.002522589
0.027876887,0.007824875,2.95E-14,0.027876887,2.80E-14,0.007581612
0.043345046,0.013224331,4.55E-14,0.043345046,4.54E-14,0.012676589
0.05901381,0.018769059,6.21E-14,0.05901381,5.93E-14,0.017823506
0.07489848,0.024451993,7.59E-14,0.07489848,7.30E-14,0.023036326
0.091015192,0.030265895,9.21E-14,0.091015192,8.85E-14,0.02832927
0.107380864,0.03620313,1.06E-13,0.107380864,1.06E-13,0.033717145
0.124013221,0.042255585,1.19E-13,0.124013221,1.19E-13,0.039215353
0.140930828,0.048414638,1.34E-13,0.140930828,1.34E-13,0.044839861
0.158153113,0.054671152,1.49E-13,0.158153113,1.43E-13,0.05060715
0.175700375,0.061015474,1.61E-13,0.175700375,1.59E-13,0.056534146
0.193593784,0.067437463,1.69E-13,0.193593784,1.74E-13,0.062638118
0.211855353,0.073926524,1.86E-13,0.211855353,1.87E-13,0.068936546
0.230507893,0.080471678,2.00E-13,0.230507893,2.00E-13,0.075446958
0.249574938,0.087061655,2.09E-13,0.249574938,2.07E-13,0.082186715
0.269080636,0.093685024,2.25E-13,0.269080636,2.22E-13,0.089172752
0.289049594,0.100330368,2.34E-13,0.289049594,2.34E-13,0.096421272
0.309506684,0.106986503,2.44E-13,0.309506684,2.45E-13,0.103947384
0.330476783,0.113642751,2.57E-13,0.330476783,2.50E-13,0.111764676
0.351984444,0.120289271,2.60E-13,0.351984444,2.66E-13,0.119884752
0.374053492,0.12691745,2.76E-13,0.374053492,2.72E-13,0.128316691
0.396706549,0.133520398,2.81E-13,0.396706549,2.80E-13,0.137066469
0.419964542,0.140093588,2.93E-13,0.419964542,3.00E-13,0.146136339
0.443846255,0.14663571,2.96E-13,0.443846255,3.04E-13,0.155524194
0.468368034,0.153149773,3.07E-13,0.468368034,3.08E-13,0.165222988
0.493543699,0.159644419,3.20E-13,0.493543699,3.20E-13,0.17522026
0.519384681,0.166135312,3.23E-13,0.519384681,3.23E-13,0.185497866
0.545900267,0.172646361,3.37E-13,0.545900267,3.31E-13,0.196031951
0.573097747,0.179210465,3.42E-13,0.573097747,3.34E-13,0.206793185
0.600982077,0.185869447,3.51E-13,0.600982077,3.50E-13,0.217747208
0.629554626,0.192672867,3.52E-13,0.629554626,3.57E-13,0.22885518
0.658810473,0.199675514,3.56E-13,0.658810473,3.59E-13,0.240074281
0.688733818,0.206933473,3.73E-13,0.688733818,3.69E-13,0.251358032
0.719291201,0.214498817,3.69E-13,0.719291201,3.73E-13,0.262656306
0.75042257,0.222413156,3.72E-13,0.75042257,3.77E-13,0.273915013
0.78203073,0.230700468,3.78E-13,0.78203073,3.84E-13,0.28507546
0.813970223,0.239359866,3.86E-13,0.813970223,3.90E-13,0.296073516
0.846037293,0.248359158,3.84E-13,0.846037293,3.92E-13,0.306838721
0.877962845,0.257630139,3.97E-13,0.877962845,3.97E-13,0.317293539
0.909410315,0.267066483,4.00E-13,0.909410315,3.95E-13,0.327352937
0.939979766,0.276524769,4.03E-13,0.939979766,4.04E-13,0.336924508
0.969218618,0.285828718,4.05E-13,0.969218618,4.06E-13,0.345909293
0.996638242,0.294776191,4.05E-13,0.996638242,4.01E-13,0.354203432
1.02173474,0.303148195,4.11E-13,1.02173474,4.06E-13,0.361700691
1.044011756,0.310719114,4.08E-13,1.044011756,4.09E-13,0.368295789
1.063003224,0.317267638,4.10E-13,1.063003224,4.17E-13,0.373888344
1.078294404,0.322588118,4.16E-13,1.078294404,4.13E-13,0.378387112
1.089539934,0.326502186,4.19E-13,1.089539934,4.20E-13,0.381714096
1.098901099,0.32967033,4.13E-13,1.098901099,4.14E-13,0.384615385
1.10E-09,3.30E-10,4.12E-22,1.10E-09,4.17E-22,3.85E-10
0.020104409,0.0001488,1.69E-14,0.020104409,1.64E-14,4.62E-06
0.030206249,0.00033381,2.48E-14,0.030206249,2.63E-14,1.11E-05
0.050486362,0.000937528,4.00E-14,0.050486362,4.05E-14,5.96E-05
0.060705173,0.001342201,4.79E-14,0.060705173,4.92E-14,8.75E-05
0.081185765,0.002402918,6.52E-14,0.081185765,6.51E-14,0.000234793
0.09153272,0.00303363,7.15E-14,0.09153272,6.84E-14,0.000303776
0.112233747,0.004563027,8.47E-14,0.112233747,8.61E-14,0.000613289
0.122719228,0.005427653,9.28E-14,0.122719228,9.42E-14,0.000747189
0.143660634,0.007439882,1.11E-13,0.143660634,1.09E-13,0.001292157
0.154295421,0.008547062,1.17E-13,0.154295421,1.17E-13,0.001519546
0.175497944,0.011057867,1.30E-13,0.175497944,1.31E-13,0.002384528
0.186293408,0.012416968,1.40E-13,0.186293408,1.39E-13,0.002739575
0.207778841,0.015443542,1.50E-13,0.207778841,1.49E-13,0.0040217
0.218747002,0.01706468,1.55E-13,0.218747002,1.57E-13,0.004544935
0.24053826,0.020625693,1.69E-13,0.24053826,1.68E-13,0.0063548
0.251691769,0.02251987,1.74E-13,0.251691769,1.75E-13,0.007093754
0.273813155,0.026635836,1.87E-13,0.273813155,1.87E-13,0.009555655
0.285165979,0.028815449,1.94E-13,0.285165979,1.90E-13,0.010565209
0.307644969,0.033509628,2.07E-13,0.307644969,2.06E-13,0.01381631
0.319214527,0.035989109,2.14E-13,0.319214527,2.13E-13,0.015158567
0.342084966,0.041288169,2.21E-13,0.342084966,2.19E-13,0.019346458
0.353894298,0.044083883,2.30E-13,0.353894298,2.28E-13,0.02108984
0.377198302,0.050017165,2.39E-13,0.377198302,2.45E-13,0.026367893
0.389275826,0.053146031,2.50E-13,0.389275826,2.48E-13,0.028585144
0.413061763,0.059743094,2.61E-13,0.413061763,2.56E-13,0.035104999
0.425437687,0.063220196,2.54E-13,0.425437687,2.68E-13,0.037869749
0.449754205,0.070507287,2.72E-13,0.449754205,2.72E-13,0.045770493
0.462454653,0.074343173,2.77E-13,0.462454653,2.78E-13,0.049152164
0.48734283,0.082339555,2.84E-13,0.48734283,2.85E-13,0.058546197
0.500383679,0.086537924,2.90E-13,0.500383679,2.91E-13,0.062603272
0.525869518,0.095252511,3.01E-13,0.525869518,3.04E-13,0.073559627
0.539251523,0.099808609,3.05E-13,0.539251523,3.05E-13,0.078331684
0.565339772,0.109236587,3.09E-13,0.565339772,3.13E-13,0.090858479
0.579045592,0.114136182,3.09E-13,0.579045592,3.14E-13,0.096357762
0.605714427,0.124254858,3.29E-13,0.605714427,3.36E-13,0.1103863
0.619707207,0.129473345,3.27E-13,0.619707207,3.28E-13,0.116589965
0.646902634,0.140236659,3.39E-13,0.646902634,3.35E-13,0.131963581
0.661125364,0.145737851,3.40E-13,0.661125364,3.40E-13,0.138807946
0.688754563,0.157069786,3.47E-13,0.688754563,3.42E-13,0.155278699
0.703129434,0.162804223,3.46E-13,0.703129434,3.46E-13,0.16265689
0.731053195,0.174592354,3.59E-13,0.731053195,3.57E-13,0.179892496
0.745480606,0.180495454,3.60E-13,0.745480606,3.62E-13,0.187656621
0.77350602,0.192586574,3.59E-13,0.77350602,3.64E-13,0.20525849
0.787863364,0.198577318,3.68E-13,0.787863364,3.70E-13,0.213226871
0.815738543,0.210777202,3.75E-13,0.815738543,3.83E-13,0.230757823
0.829879306,0.216758217,3.78E-13,0.829879306,3.80E-13,0.238726878
0.857291808,0.228836944,3.80E-13,0.857291808,3.86E-13,0.255744701
0.871045666,0.234696699,3.83E-13,0.871045666,3.85E-13,0.263503977
0.897625655,0.246399756,3.82E-13,0.897625655,3.91E-13,0.279595201
0.910800157,0.252017142,3.90E-13,0.910800157,3.93E-13,0.286943196
0.936128437,0.263081094,3.90E-13,0.936128437,3.93E-13,0.301751216
0.948512585,0.268332102,3.98E-13,0.948512585,3.95E-13,0.308509341
0.972132953,0.27850243,3.99E-13,0.972132953,3.97E-13,0.321752491
0.983502729,0.283268001,4.06E-13,0.983502729,4.06E-13,0.327775008
1.00493791,0.292316075,4.04E-13,1.00493791,4.02E-13,0.339252777
1.015063655,0.29648985,4.09E-13,1.015063655,4.05E-13,0.344431536
1.033834265,0.304226143,4.12E-13,1.033834265,4.03E-13,0.354019857
1.042489769,0.307720689,4.09E-13,1.042489769,4.11E-13,0.358283832
1.058136069,0.314002098,4.07E-13,1.058136069,4.12E-13,0.365922205
1.065109237,0.316752467,4.17E-13,1.065109237,4.06E-13,0.36923269
1.077215278,0.321482812,4.12E-13,1.077215278,4.10E-13,0.37490656
1.08232002,0.323446783,4.13E-13,1.08232002,4.10E-13,0.377249295
1.090538849,0.326571109,4.14E-13,1.090538849,4.12E-13,0.380970453
1.093626885,0.327726257,4.14E-13,1.093626885,4.15E-13,0.382345672
1.098684117,0.329583656,4.16E-13,1.098684117,4.17E-13,0.384525807
1.10E-09,3.30E-10,4.12E-22,1.10E-09,4.17E-22,3.85E-10
0.007585323,0.007582109,1.19E-14,0.007585323,1.17E-14,0.007484613
0.010118341,0.010108494,1.67E-14,0.010114382,1.66E-14,0.009954282
0.012714266,0.012698438,2.03E-14,0.012714266,2.01E-14,0.012439814
0.015267979,0.015235897,2.48E-14,0.01525864,2.37E-14,0.014898375
0.017902975,0.017858569,2.97E-14,0.017902975,2.80E-14,0.017373796
0.020480366,0.020405875,3.31E-14,0.020463502,3.20E-14,0.019821536
0.023155686,0.023059964,3.63E-14,0.023155686,3.65E-14,0.022286875
0.025759777,0.025615879,4.02E-14,0.025733235,4.03E-14,0.024723846
0.028476826,0.028300027,4.43E-14,0.028476826,4.47E-14,0.027179077
0.031110671,0.03086328,4.90E-14,0.031072282,4.88E-14,0.029605348
0.033870951,0.033576022,5.22E-14,0.033870951,5.23E-14,0.032050466
0.036537637,0.0361453,5.71E-14,0.036485214,5.70E-14,0.034466117
0.03934276,0.038885067,6.05E-14,0.03934276,5.92E-14,0.036901134
0.04204541,0.041459009,6.36E-14,0.041976744,6.40E-14,0.039306246
0.044897106,0.044224131,6.69E-14,0.044897106,6.60E-14,0.041731186
0.050539016,0.049590031,7.53E-14,0.050539016,7.36E-14,0.046540737
0.053323167,0.052169013,7.98E-14,0.053215267,7.94E-14,0.048925014
0.056273701,0.054979425,8.25E-14,0.056273701,8.08E-14,0.051329906
0.059103506,0.057558678,8.74E-14,0.058972548,8.44E-14,0.053703882
0.062106563,0.060388805,9.34E-14,0.062106563,9.05E-14,0.056098814
0.064985382,0.062966758,9.43E-14,0.064829021,9.41E-14,0.058462565
0.06804321,0.065814496,9.92E-14,0.06804321,9.79E-14,0.060847582
0.074089461,0.071252644,1.05E-13,0.074089461,1.08E-13,0.065576333
0.07707669,0.073823049,1.10E-13,0.076862325,1.08E-13,0.067919856
0.080251355,0.076699216,1.14E-13,0.080251355,1.14E-13,0.07028519
0.083298142,0.079263256,1.17E-13,0.083051088,1.16E-13,0.072618706
0.086535156,0.08214999,1.20E-13,0.086535156,1.19E-13,0.074974274
0.09294736,0.087600558,1.24E-13,0.09294736,1.24E-13,0.079643708
0.096124409,0.09014638,1.32E-13,0.095804369,1.29E-13,0.08195742
0.0994947,0.093046316,1.35E-13,0.0994947,1.31E-13,0.084293614
0.102742632,0.095580162,1.38E-13,0.102382202,1.36E-13,0.086597526
0.106184146,0.09848247,1.40E-13,0.106184146,1.41E-13,0.088924111
0.113022909,0.103904031,1.47E-13,0.113022909,1.45E-13,0.093535319
0.116424569,0.10640788,1.52E-13,0.115975329,1.47E-13,0.095819831
0.120018438,0.109305819,1.55E-13,0.120018438,1.51E-13,0.098127359
0.127178419,0.11468247,1.59E-13,0.127178419,1.60E-13,0.102700347
0.130750354,0.11714787,1.65E-13,0.130201294,1.61E-13,0.104965717
0.134510768,0.120028438,1.68E-13,0.134510768,1.68E-13,0.107254403
0.13817426,0.122471303,1.70E-13,0.137571052,1.69E-13,0.109510298
0.145783052,0.127756062,1.74E-13,0.145122821,1.76E-13,0.114036123
0.149725325,0.130605298,1.77E-13,0.149725325,1.75E-13,0.11630618
0.153585148,0.132996227,1.83E-13,0.152864981,1.80E-13,0.118543306
0.161589148,0.138185738,1.86E-13,0.160806105,1.91E-13,0.123031955
0.165729629,0.140988841,1.90E-13,0.165729629,1.91E-13,0.125283586
0.174049824,0.146092707,1.98E-13,0.174049824,1.95E-13,0.129744662
0.178238086,0.148388026,2.00E-13,0.177320369,2.01E-13,0.131954058
0.182594023,0.151129583,2.08E-13,0.182594023,1.99E-13,0.134187445
0.19137136,0.156093145,2.08E-13,0.19137136,2.03E-13,0.138612025
0.195801682,0.158312762,2.16E-13,0.194737292,2.11E-13,0.140803179
0.204949403,0.163155339,2.18E-13,0.203807163,2.18E-13,0.14520059
0.20966244,0.165775249,2.21E-13,0.20966244,2.20E-13,0.147406919
0.219194828,0.17048155,2.28E-13,0.219194828,2.28E-13,0.151777422
0.224023148,0.172570312,2.31E-13,0.222716217,2.29E-13,0.153941583
0.233967816,0.17713108,2.40E-13,0.23257409,2.32E-13,0.158285415
0.239080042,0.179595687,2.35E-13,0.239080042,2.33E-13,0.160465164
0.249451438,0.183992918,2.42E-13,0.249451438,2.42E-13,0.164782766
0.25471902,0.18593255,2.45E-13,0.253143015,2.45E-13,0.166920659
0.265543696,0.190163908,2.54E-13,0.26387234,2.51E-13,0.17121261
0.276679466,0.194277023,2.58E-13,0.274910078,2.57E-13,0.175487932
0.282389078,0.196491436,2.61E-13,0.282389078,2.61E-13,0.177633973
0.294004563,0.200415011,2.64E-13,0.294004563,2.64E-13,0.181885283
0.305951293,0.204213242,2.71E-13,0.305951293,2.69E-13,0.18612134
0.312034444,0.205878367,2.75E-13,0.309956255,2.69E-13,0.18821938
0.324492785,0.209493689,2.78E-13,0.322307391,2.74E-13,0.192433942
0.337297912,0.212982231,2.81E-13,0.335003583,2.78E-13,0.196635254
0.350454391,0.21634474,2.88E-13,0.348049701,2.88E-13,0.200824279
0.357175924,0.218139696,2.90E-13,0.357175924,2.89E-13,0.20292905
0.370863875,0.221308893,2.91E-13,0.370863875,2.91E-13,0.20710164
0.384908972,0.224357854,2.94E-13,0.384908972,2.96E-13,0.211264665
0.399310697,0.227290458,3.00E-13,0.399310697,3.00E-13,0.215419287
0.414066712,0.230111408,3.10E-13,0.414066712,3.09E-13,0.219566684
0.429172715,0.232826198,3.09E-13,0.429172715,3.09E-13,0.223708024
0.444622313,0.235441055,3.15E-13,0.444622313,3.14E-13,0.227844442
0.460406923,0.237962877,3.19E-13,0.460406923,3.16E-13,0.231977014
0.476515688,0.24039916,3.21E-13,0.476515688,3.21E-13,0.236106737
0.492935429,0.242757914,3.26E-13,0.492935429,3.31E-13,0.240234495
0.518110756,0.246069782,3.30E-13,0.514525924,3.28E-13,0.246408795
0.535235152,0.248274377,3.35E-13,0.531560552,3.32E-13,0.250534455
0.552606081,0.250431199,3.42E-13,0.548847244,3.41E-13,0.254660038
0.57907539,0.253692259,3.39E-13,0.57907539,3.44E-13,0.260864241
0.596955898,0.255769791,3.51E-13,0.596955898,3.45E-13,0.264989729
0.6240576,0.258759062,3.57E-13,0.620027962,3.47E-13,0.271159863
0.642271827,0.260808769,3.58E-13,0.638193388,3.57E-13,0.275281442
0.669733459,0.263999087,3.57E-13,0.669733459,3.61E-13,0.281473697
0.697253824,0.267000111,3.68E-13,0.693080102,3.64E-13,0.287618228
0.724728635,0.270280363,3.69E-13,0.724728635,3.70E-13,0.293775927
0.752024334,0.273370408,3.76E-13,0.747836417,3.72E-13,0.299866751
0.761069738,0.274594226,3.71E-13,0.761069738,3.76E-13,0.30191244
0.770069058,0.275550691,3.75E-13,0.765894904,3.76E-13,0.303916044
0.779036564,0.276796707,3.77E-13,0.779036564,3.73E-13,0.305951026
0.787948105,0.27776207,3.83E-13,0.783796965,3.73E-13,0.307942214
0.796819922,0.279030449,3.81E-13,0.796819922,3.80E-13,0.309964325
0.805625873,0.280004503,3.81E-13,0.801506936,3.83E-13,0.311940811
0.814384351,0.281294736,3.83E-13,0.814384351,3.83E-13,0.313947671
0.823067085,0.282276841,3.84E-13,0.818989439,3.82E-13,0.315906954
0.831694778,0.283587743,3.85E-13,0.831694778,3.80E-13,0.317895961
0.840236916,0.284576832,3.86E-13,0.836209516,3.88E-13,0.319835326
0.848716641,0.285906553,3.82E-13,0.848716641,3.83E-13,0.321803664
0.857101109,0.286901143,3.87E-13,0.853132747,3.86E-13,0.323720186
0.865415998,0.288247188,3.89E-13,0.865415998,3.95E-13,0.325664824
0.873626077,0.289245396,3.88E-13,0.869725361,3.91E-13,0.327555369
0.881759621,0.290604649,3.91E-13,0.881759621,3.88E-13,0.32947307
0.889778994,0.291604218,3.95E-13,0.885954325,3.89E-13,0.331334306
0.897715082,0.29297298,3.89E-13,0.897715082,3.92E-13,0.333221632
0.905527869,0.2939713,3.99E-13,0.901787425,3.93E-13,0.335050038
0.913250823,0.295345325,3.92E-13,0.913250823,3.85E-13,0.336903362
0.920841616,0.296339466,3.96E-13,0.917193341,3.94E-13,0.338695239
0.928336217,0.297714011,3.93E-13,0.928336217,3.97E-13,0.340510758
0.935690109,0.298700759,3.96E-13,0.932141705,3.98E-13,0.342262245
0.942941627,0.300070632,4.01E-13,0.942941627,3.94E-13,0.344035995
0.950044237,0.301046521,3.96E-13,0.946603157,3.98E-13,0.345743086
0.957038451,0.302406144,3.98E-13,0.957038451,4.01E-13,0.347470963
0.963875945,0.303367497,4.05E-13,0.960549389,4.00E-13,0.349129528
0.970599164,0.304710959,4.05E-13,0.970599164,4.02E-13,0.350807308
0.977158275,0.305653933,4.03E-13,0.973953192,4.01E-13,0.352413117
0.983597358,0.306975057,4.02E-13,0.983597358,4.06E-13,0.354036481
0.989865401,0.307895681,4.02E-13,0.98678849,4.04E-13,0.355585227
0.996007772,0.30918809,4.09E-13,0.996007772,4.06E-13,0.357149788
1.001972663,0.310082312,4.07E-13,0.999030377,4.08E-13,0.358637121
1.007806331,0.311339491,4.04E-13,1.007806331,4.07E-13,0.360138453
1.013456599,0.312203225,4.10E-13,1.010655152,4.08E-13,0.361560006
1.018970171,0.313418593,4.09E-13,1.018970171,4.06E-13,0.362993677
1.024294972,0.31424776,4.09E-13,1.021640347,4.09E-13,0.364345105
1.029477671,0.315414734,4.08E-13,1.029477671,4.07E-13,0.365706709
1.034466799,0.316205311,4.12E-13,1.031964763,4.06E-13,0.366983718
1.039308479,0.317317375,4.07E-13,1.039308479,4.10E-13,0.368268914
1.043952379,0.318065437,4.10E-13,1.041608493,4.08E-13,0.369467305
1.04844354,0.319116203,4.10E-13,1.04844354,4.15E-13,0.37067185
1.05273332,0.319817968,4.12E-13,1.050552962,4.10E-13,0.37178755
1.056865121,0.320801239,4.08E-13,1.056865121,4.12E-13,0.372907341
1.06079256,0.321453114,4.11E-13,1.058780948,4.21E-13,0.373936447
1.064556836,0.322362939,4.11E-13,1.064556836,4.12E-13,0.374967554
1.071503663,0.323792284,4.13E-13,1.071503663,4.12E-13,0.376845078
1.074684479,0.32433455,4.17E-13,1.073025554,4.17E-13,0.377690161
1.077691962,0.325080869,4.15E-13,1.077691962,4.12E-13,0.378532998
1.083109479,0.326220967,4.16E-13,1.083109479,4.17E-13,0.380024969
1.085518996,0.32664252,4.13E-13,1.084232835,4.06E-13,0.380673432
1.08976165,0.327563531,4.14E-13,1.088669722,4.17E-13,0.381861563
1.094635245,0.328683984,4.16E-13,1.094635245,4.15E-13,0.383271817
1.098901099,0.32967033,4.13E-13,1.098901099,4.14E-13,0.384615385
1.10E-09,3.30E-10,4.12E-22,1.10E-09,4.17E-22,3.85E-10
0.01129751,0.001295288,-0.001258051,0.01129751,-0.001258051,0.001262028
0.023900672,0.003918696,-0.003781378,0.023900672,-0.003781378,0.003811314
0.036555056,0.006610757,-0.006312308,0.036555056,-0.006312308,0.006399972
0.049263402,0.009369895,-0.008849546,0.049263402,-0.008849546,0.00903601
0.062028694,0.012195062,-0.011391641,0.062028694,-0.011391641,0.011727524
0.074854028,0.015085403,-0.013936841,0.074854028,-0.013936841,0.014482967
0.087742661,0.018040167,-0.016483056,0.087742661,-0.016483056,0.017311227
0.100698044,0.021058691,-0.019027821,0.100698044,-0.019027821,0.020221632
0.113723861,0.024140412,-0.021568261,0.113723861,-0.021568261,0.023223963
0.12682407,0.027284876,-0.024101055,0.12682407,-0.024101055,0.026328436
0.140002932,0.030491769,-0.026622399,0.140002932,-0.026622399,0.029545699
0.153265063,0.033760939,-0.029127967,0.153265063,-0.029127967,0.032886799
0.166615476,0.037092429,-0.031612876,0.166615476,-0.031612876,0.036363154
0.180059631,0.040486514,-0.034071653,0.180059631,-0.034071653,0.039986503
0.193603491,0.043943736,-0.036498196,0.193603491,-0.036498196,0.043768847
0.207253579,0.047464953,-0.038885749,0.207253579,-0.038885749,0.047722369
0.221017043,0.05105138,-0.041226875,0.221017043,-0.041226875,0.051859343
0.234901727,0.05470464,-0.04351344,0.234901727,-0.04351344,0.056192014
0.248916232,0.05842682,-0.0457366,0.248916232,-0.0457366,0.060732466
0.263070002,0.062220521,-0.047886804,0.263070002,-0.047886804,0.06549246
0.277373388,0.066088915,-0.049953806,0.277373388,-0.049953806,0.070483256
0.291837729,0.070035796,-0.051926689,0.291837729,-0.051926689,0.075715404
0.306475421,0.074065648,-0.053793902,0.306475421,-0.053793902,0.081198511
0.321300007,0.078183709,-0.055543323,0.321300007,-0.055543323,0.086940987
0.336326269,0.082396068,-0.057162332,0.336326269,-0.057162332,0.092949759
0.35157035,0.086709761,-0.058637937,0.35157035,-0.058637937,0.099229962
0.367049895,0.091132896,-0.059956929,0.367049895,-0.059956929,0.105784623
0.382784222,0.095674746,-0.06110611,0.382784222,-0.06110611,0.112614326
0.398794483,0.100345808,-0.062072588,0.398794483,-0.062072588,0.119716903
0.415103797,0.105157761,-0.062844142,0.415103797,-0.062844142,0.127087147
0.431737299,0.110123293,-0.063409669,0.431737299,-0.063409669,0.134716589
0.448722061,0.115255746,-0.063759676,0.448722061,-0.063759676,0.142593356
0.466086804,0.120568566,-0.063886801,0.466086804,-0.063886801,0.150702143
0.483861379,0.126074551,-0.063786319,0.483861379,-0.063786319,0.159024312
0.502075962,0.131784938,-0.063456582,0.502075962,-0.063456582,0.16753814
0.520759965,0.137708381,-0.062899335,0.520759965,-0.062899335,0.176219204
0.539940681,0.143849944,-0.062119847,0.539940681,-0.062119847,0.185040893
0.559641732,0.150210199,-0.061126832,0.559641732,-0.061126832,0.193975028
0.579881389,0.156784598,-0.059932104,0.579881389,-0.059932104,0.202992524
0.600670889,0.163563205,-0.058549991,0.600670889,-0.058549991,0.212064068
0.622012838,0.170530905,-0.056996529,0.622012838,-0.056996529,0.221160746
0.6438998,0.177668094,-0.055288487,0.6438998,-0.055288487,0.230254583
0.666313134,0.184951833,-0.05344233,0.666313134,-0.05344233,0.239318946
0.689222076,0.192357324,-0.051473214,0.689222076,-0.051473214,0.248328803
0.712583072,0.199859535,-0.049394123,0.712583072,-0.049394123,0.257260832
0.736339293,0.207434739,-0.047215244,0.736339293,-0.047215244,0.266093374
0.760420296,0.215061724,-0.04494368,0.760420296,-0.04494368,0.27480626
0.784741771,0.22272245,-0.042583533,0.784741771,-0.042583533,0.283380517
0.809205365,0.230401987,-0.04013641,0.809205365,-0.04013641,0.29179797
0.833698603,0.238087636,-0.037602331,0.833698603,-0.037602331,0.300040734
0.858094931,0.245767244,-0.034981016,0.858094931,-0.034981016,0.308090598
0.882253989,0.253426824,-0.032273486,0.882253989,-0.032273486,0.315928293
0.906022175,0.261047693,-0.029483874,0.906022175,-0.029483874,0.323532654
0.929233626,0.26860342,-0.026621306,0.929233626,-0.026621306,0.330879701
0.951711702,0.27605699,-0.023701684,0.951711702,-0.023701684,0.337941693
0.973271052,0.283358552,-0.02074916,0.973271052,-0.02074916,0.344686266
0.993720341,0.290444187,-0.017797085,0.993720341,-0.017797085,0.351075781
1.012865624,0.297235998,-0.014888218,1.012865624,-0.014888218,0.357067039
1.030514356,0.303643724,-0.01207404,1.030514356,-0.01207404,0.362611536
1.046479902,0.3095679,-0.009413089,1.046479902,-0.009413089,0.367656367
1.060586341,0.314904357,-0.006968365,1.060586341,-0.006968365,0.37214585
1.072673283,0.319549682,-0.00480397,1.072673283,-0.00480397,0.376023798
1.082600333,0.323407074,-0.002981313,1.082600333,-0.002981313,0.379236285
1.090250783,0.326392014,-0.001555265,1.090250783,-0.001555265,0.38173458
1.098901099,0.32967033,4.13E-13,1.098901099,4.14E-13,0.384615385
1.10E-09,3.30E-10,4.12E-22,1.10E-09,4.17E-22,3.85E-10
0.01129751,0.001295288,0.001258051,0.01129751,0.001258051,0.001262028
0.023900672,0.003918696,0.003781378,0.023900672,0.003781378,0.003811314
0.036555056,0.006610757,0.006312308,0.036555056,0.006312308,0.006399972
0.049263402,0.009369895,0.008849546,0.049263402,0.008849546,0.00903601
0.062028694,0.012195062,0.011391641,0.062028694,0.011391641,0.011727524
0.074854028,0.015085403,0.013936841,0.074854028,0.013936841,0.014482967
0.087742661,0.018040167,0.016483056,0.087742661,0.016483056,0.017311227
0.100698044,0.021058691,0.019027821,0.100698044,0.019027821,0.020221632
0.113723861,0.024140412,0.021568261,0.113723861,0.021568261,0.023223963
0.12682407,0.027284876,0.024101055,0.12682407,0.024101055,0.026328436
0.140002932,0.030491769,0.026622399,0.140002932,0.026622399,0.029545699
0.153265063,0.033760939,0.029127967,0.153265063,0.029127967,0.032886799
0.166615476,0.037092429,0.031612877,0.166615476,0.031612877,0.036363154
0.180059631,0.040486514,0.034071653,0.180059631,0.034071653,0.039986503
0.193603491,0.043943736,0.036498196,0.193603491,0.036498196,0.043768847
0.207253579,0.047464953,0.038885749,0.207253579,0.038885749,0.047722369
0.221017043,0.05105138,0.041226875,0.221017043,0.041226875,0.051859343
0.234901727,0.05470464,0.04351344,0.234901727,0.04351344,0.056192014
0.248916232,0.05842682,0.0457366,0.248916232,0.0457366,0.060732466
0.263070002,0.062220521,0.047886804,0.263070002,0.047886804,0.06549246
0.277373388,0.066088915,0.049953806,0.277373388,0.049953806,0.070483256
0.291837729,0.070035796,0.051926689,0.291837729,0.051926689,0.075715404
0.306475421,0.074065648,0.053793902,0.306475421,0.053793902,0.081198511
0.321300007,0.078183709,0.055543323,0.321300007,0.055543323,0.086940987
0.336326269,0.082396068,0.057162332,0.336326269,0.057162332,0.092949759
0.35157035,0.086709761,0.058637937,0.35157035,0.058637937,0.099229962
0.367049895,0.091132896,0.059956929,0.367049895,0.059956929,0.105784623
0.382784222,0.095674746,0.06110611,0.382784222,0.06110611,0.112614326
0.398794483,0.100345808,0.062072588,0.398794483,0.062072588,0.119716903
0.415103797,0.105157761,0.062844142,0.415103797,0.062844142,0.127087147
0.431737299,0.110123293,0.063409669,0.431737299,0.063409669,0.134716589
0.448722061,0.115255746,0.063759676,0.448722061,0.063759676,0.142593356
0.466086804,0.120568566,0.063886801,0.466086804,0.063886801,0.150702143
0.483861379,0.126074551,0.063786319,0.483861379,0.063786319,0.159024312
0.502075962,0.131784938,0.063456582,0.502075962,0.063456582,0.16753814
0.520759965,0.137708381,0.062899335,0.520759965,0.062899335,0.176219204
0.539940681,0.143849944,0.062119847,0.539940681,0.062119847,0.185040893
0.559641732,0.150210199,0.061126832,0.559641732,0.061126832,0.193975028
0.579881389,0.156784598,0.059932104,0.579881389,0.059932104,0.202992524
0.600670889,0.163563205,0.058549991,0.600670889,0.058549991,0.212064068
0.622012838,0.170530905,0.056996529,0.622012838,0.056996529,0.221160746
0.6438998,0.177668094,0.055288487,0.6438998,0.055288487,0.230254583
0.666313134,0.184951833,0.05344233,0.666313134,0.05344233,0.239318946
0.689222076,0.192357324,0.051473214,0.689222076,0.051473214,0.248328803
0.712583072,0.199859535,0.049394123,0.712583072,0.049394123,0.257260832
0.736339293,0.207434739,0.047215244,0.736339293,0.047215244,0.266093374
0.760420296,0.215061724,0.04494368,0.760420296,0.04494368,0.27480626
0.784741771,0.22272245,0.042583533,0.784741771,0.042583533,0.283380517
0.809205365,0.230401987,0.04013641,0.809205365,0.04013641,0.29179797
0.833698603,0.238087636,0.037602331,0.833698603,0.037602331,0.300040734
0.858094931,0.245767244,0.034981016,0.858094931,0.034981016,0.308090598
0.882253989,0.253426824,0.032273486,0.882253989,0.032273486,0.315928293
0.906022175,0.261047693,0.029483874,0.906022175,0.029483874,0.323532654
0.929233626,0.26860342,0.026621306,0.929233626,0.026621306,0.330879701
0.951711702,0.27605699,0.023701684,0.951711702,0.023701684,0.337941693
0.973271052,0.283358552,0.02074916,0.973271052,0.02074916,0.344686266
0.993720341,0.290444187,0.017797085,0.993720341,0.017797085,0.351075781
1.012865624,0.297235998,0.014888218,1.012865624,0.014888218,0.357067039
1.030514356,0.303643724,0.01207404,1.030514356,0.01207404,0.362611536
1.046479902,0.3095679,0.009413089,1.046479902,0.009413089,0.367656367
1.060586341,0.314904357,0.006968365,1.060586341,0.006968365,0.37214585
1.072673283,0.319549682,0.00480397,1.072673283,0.00480397,0.376023798
1.082600333,0.323407074,0.002981313,1.082600333,0.002981313,0.379236285
1.090250783,0.326392014,0.001555265,1.090250783,0.001555265,0.38173458
1.098901099,0.32967033,4.13E-13,1.098901099,4.14E-13,0.384615385
1.10E-09,3.30E-10,4.12E-22,1.10E-09,4.17E-22,3.85E-10
0.027470811,0.007492125,2.04E-14,0.007615492,2.03E-14,0.007505568
0.042440726,0.012481998,3.25E-14,0.012791534,3.24E-14,0.012497343
0.057404116,0.017459585,4.48E-14,0.01805721,4.63E-14,0.017484192
0.072364025,0.02241994,5.73E-14,0.023424213,5.44E-14,0.022467153
0.08732334,0.02735797,6.82E-14,0.028905506,6.59E-14,0.027447209
0.102284737,0.03226836,7.94E-14,0.034515423,7.72E-14,0.032425383
0.117250671,0.037145585,9.30E-14,0.040269812,9.00E-14,0.03740272
0.132223374,0.041983934,9.94E-14,0.046186164,9.96E-14,0.042380267
0.147204829,0.046777532,1.12E-13,0.052283754,1.12E-13,0.047359071
0.162196761,0.051520383,1.22E-13,0.058583778,1.22E-13,0.052340171
0.177200603,0.056206414,1.32E-13,0.065109488,1.34E-13,0.057324599
0.192217474,0.060829532,1.42E-13,0.071886325,1.44E-13,0.062313372
0.207248145,0.06538369,1.50E-13,0.078942048,1.51E-13,0.067307496
0.222293008,0.069862971,1.60E-13,0.086306847,1.58E-13,0.072307962
0.23735204,0.074261686,1.73E-13,0.094013444,1.69E-13,0.077315742
0.252424765,0.078574487,1.78E-13,0.102097166,1.81E-13,0.082331788
0.26751022,0.082796502,1.90E-13,0.110596,1.89E-13,0.087357033
0.282606917,0.086923487,1.97E-13,0.11955059,1.95E-13,0.092392384
0.297712811,0.090952,2.05E-13,0.129004207,2.01E-13,0.097438723
0.312825263,0.094879592,2.16E-13,0.139002635,2.13E-13,0.102496905
0.327941012,0.098705025,2.26E-13,0.149593999,2.19E-13,0.107567752
0.343056153,0.102428509,2.29E-13,0.160828515,2.29E-13,0.112652049
0.358166135,0.106051978,2.36E-13,0.17275817,2.41E-13,0.117750536
0.37326579,0.1095794,2.45E-13,0.185436381,2.46E-13,0.122863906
0.388349408,0.113017128,2.53E-13,0.198917657,2.50E-13,0.127992807
0.403410874,0.11637428,2.56E-13,0.213257285,2.61E-13,0.133137859
0.418443852,0.119663113,2.65E-13,0.228511052,2.66E-13,0.13829969
0.433442019,0.122899375,2.72E-13,0.24473488,2.72E-13,0.143478989
0.448399323,0.126102572,2.77E-13,0.261984225,2.80E-13,0.148676575
0.463310224,0.129296083,2.82E-13,0.280312934,2.87E-13,0.153893466
0.478169889,0.13250708,2.91E-13,0.299771174,2.90E-13,0.159130932
0.492974293,0.135766145,2.96E-13,0.320402019,2.99E-13,0.164390513
0.507720183,0.139106522,3.00E-13,0.3422363,3.10E-13,0.169673971
0.522404862,0.142562915,3.10E-13,0.365285486,3.03E-13,0.174983174
0.537025777,0.146169785,3.15E-13,0.389532672,3.17E-13,0.180319875
0.55157987,0.149959155,3.20E-13,0.414922161,3.25E-13,0.185685401
0.566062718,0.153957993,3.24E-13,0.441348663,3.18E-13,0.191080249
0.580467476,0.158185397,3.27E-13,0.468647589,3.27E-13,0.196503593
0.594783705,0.162649847,3.28E-13,0.496588239,3.36E-13,0.201952747
0.60899616,0.167346897,3.37E-13,0.524871643,3.41E-13,0.20742259
0.637018233,0.177348111,3.43E-13,0.580959147,3.49E-13,0.218388313
0.650764323,0.182569961,3.51E-13,0.607891112,3.50E-13,0.223856849
0.664278621,0.187861882,3.52E-13,0.633459789,3.46E-13,0.229290515
0.690399808,0.198360531,3.53E-13,0.678694662,3.56E-13,0.239949046
0.702882362,0.203402997,3.61E-13,0.697563425,3.56E-13,0.245109355
0.726321062,0.21267168,3.65E-13,0.726321062,3.68E-13,0.254890421
0.748473278,0.22119556,3.63E-13,0.748473278,3.65E-13,0.264064436
0.781471593,0.233633171,3.77E-13,0.781471593,3.72E-13,0.277416119
0.792387651,0.237672502,3.73E-13,0.792387651,3.73E-13,0.281746792
0.803252033,0.241652983,3.76E-13,0.803252033,3.75E-13,0.286013245
0.814058332,0.245571351,3.78E-13,0.814058332,3.77E-13,0.290213018
0.824799859,0.24942441,3.80E-13,0.824799859,3.81E-13,0.294343721
0.835469643,0.253209042,3.81E-13,0.835469643,3.87E-13,0.29840304
0.846060434,0.256922216,3.78E-13,0.846060434,3.82E-13,0.302388737
0.856564699,0.260561002,3.83E-13,0.856564699,3.80E-13,0.306298648
0.866974626,0.264122572,3.82E-13,0.866974626,3.88E-13,0.310130686
0.877282125,0.267604221,3.84E-13,0.877282125,3.90E-13,0.313882841
0.887478834,0.271003364,3.89E-13,0.887478834,3.93E-13,0.31755318
0.897556124,0.274317556,3.94E-13,0.897556124,3.91E-13,0.321139849
0.907505104,0.277544495,3.97E-13,0.907505104,3.95E-13,0.324641067
0.917316631,0.280682032,3.92E-13,0.917316631,3.96E-13,0.328055133
0.92698132,0.283728177,3.97E-13,0.92698132,3.89E-13,0.331380418
0.936489555,0.286681111,3.98E-13,0.936489555,4.07E-13,0.334615372
0.945831508,0.289539186,3.95E-13,0.945831508,4.00E-13,0.337758515
0.954997149,0.292300933,3.97E-13,0.954997149,3.97E-13,0.340808442
0.96397627,0.294965068,3.98E-13,0.96397627,3.99E-13,0.343763818
0.972758504,0.297530491,4.04E-13,0.972758504,3.99E-13,0.346623377
0.981333349,0.299996289,4.01E-13,0.981333349,4.02E-13,0.349385925
0.989690195,0.302361737,4.02E-13,0.989690195,4.01E-13,0.35205033
0.99781835,0.304626296,4.03E-13,0.99781835,4.05E-13,0.354615527
1.005707077,0.306789607,4.05E-13,1.005707077,4.11E-13,0.357080516
1.01334562,0.308851491,4.05E-13,1.01334562,4.07E-13,0.359444355
1.020723244,0.310811936,4.07E-13,1.020723244,4.01E-13,0.361706162
1.027829273,0.312671094,4.08E-13,1.027829273,4.06E-13,0.363865113
1.034653131,0.314429268,4.07E-13,1.034653131,4.08E-13,0.365920441
1.041184381,0.316086899,4.06E-13,1.041184381,4.08E-13,0.367871429
1.047412769,0.317644555,4.12E-13,1.047412769,4.12E-13,0.369717414
1.053328271,0.319102914,4.09E-13,1.053328271,4.15E-13,0.371457781
1.058921138,0.320462747,4.05E-13,1.058921138,4.13E-13,0.373091964
1.064181938,0.321724902,4.15E-13,1.064181938,4.14E-13,0.374619444
1.069101609,0.322890283,4.10E-13,1.069101609,4.12E-13,0.376039743
1.073671497,0.323959831,4.10E-13,1.073671497,4.14E-13,0.377352427
1.081729638,0.325815257,4.16E-13,1.081729638,4.12E-13,0.379653425
1.08520303,0.326603013,4.17E-13,1.08520303,4.16E-13,0.380641072
1.088296994,0.327298649,4.23E-13,1.088296994,4.21E-13,0.381519772
1.093323312,0.328416654,4.15E-13,1.093323312,4.16E-13,0.382949419
1.098901099,0.32967033,4.13E-13,1.098901099,4.14E-13,0.384615385
1.10E-09,3.30E-10,4.12E-22,1.10E-09,4.17E-22,3.85E-10
0.007615492,0.007492125,2.04E-14,0.027470811,2.13E-14,0.007505568
0.012791534,0.012481998,3.24E-14,0.042440726,3.13E-14,0.012497343
0.01805721,0.017459585,4.50E-14,0.057404116,4.55E-14,0.017484192
0.023424213,0.02241994,5.40E-14,0.072364025,5.54E-14,0.022467153
0.028905506,0.02735797,6.78E-14,0.08732334,6.92E-14,0.027447209
0.034515423,0.03226836,7.53E-14,0.102284737,7.82E-14,0.032425383
0.040269812,0.037145585,8.77E-14,0.117250671,8.83E-14,0.03740272
0.046186164,0.041983934,1.03E-13,0.132223374,1.03E-13,0.042380267
0.052283754,0.046777532,1.12E-13,0.147204829,1.12E-13,0.047359071
0.058583778,0.051520383,1.22E-13,0.162196761,1.22E-13,0.052340171
0.065109488,0.056206414,1.32E-13,0.177200603,1.32E-13,0.057324599
0.071886325,0.060829532,1.44E-13,0.192217474,1.42E-13,0.062313372
0.078942048,0.06538369,1.52E-13,0.207248145,1.49E-13,0.067307496
0.086306847,0.069862971,1.59E-13,0.222293008,1.57E-13,0.072307962
0.094013444,0.074261686,1.69E-13,0.23735204,1.70E-13,0.077315742
0.102097166,0.078574487,1.81E-13,0.252424765,1.80E-13,0.082331788
0.110596,0.082796502,1.84E-13,0.26751022,1.92E-13,0.087357033
0.11955059,0.086923487,1.96E-13,0.282606917,1.99E-13,0.092392384
0.129004207,0.090952,2.04E-13,0.297712811,2.04E-13,0.097438723
0.139002635,0.094879592,2.13E-13,0.312825263,2.16E-13,0.102496905
0.149593999,0.098705025,2.19E-13,0.327941012,2.18E-13,0.107567752
0.160828515,0.102428509,2.26E-13,0.343056153,2.33E-13,0.112652049
0.17275817,0.106051978,2.34E-13,0.358166135,2.38E-13,0.117750536
0.185436381,0.1095794,2.49E-13,0.37326579,2.46E-13,0.122863906
0.198917657,0.113017128,2.52E-13,0.388349408,2.51E-13,0.127992807
0.213257285,0.11637428,2.56E-13,0.403410874,2.59E-13,0.133137859
0.228511052,0.119663113,2.62E-13,0.418443852,2.69E-13,0.13829969
0.24473488,0.122899375,2.77E-13,0.433442019,2.71E-13,0.143478989
0.261984225,0.126102572,2.78E-13,0.448399323,2.78E-13,0.148676575
0.280312934,0.129296083,2.85E-13,0.463310224,2.83E-13,0.153893466
0.299771174,0.13250708,2.92E-13,0.478169889,2.89E-13,0.159130932
0.320402019,0.135766145,2.99E-13,0.492974293,2.90E-13,0.164390513
0.3422363,0.139106522,3.00E-13,0.507720183,2.98E-13,0.169673971
0.365285486,0.142562915,3.09E-13,0.522404862,3.08E-13,0.174983174
0.389532672,0.146169785,3.14E-13,0.537025777,3.09E-13,0.180319875
0.414922161,0.149959155,3.17E-13,0.55157987,3.13E-13,0.185685401
0.441348663,0.153957993,3.21E-13,0.566062718,3.26E-13,0.191080249
0.468647589,0.158185397,3.25E-13,0.580467476,3.29E-13,0.196503593
0.496588239,0.162649847,3.32E-13,0.594783705,3.30E-13,0.201952747
0.524871643,0.167346897,3.38E-13,0.60899616,3.32E-13,0.20742259
0.580959147,0.177348111,3.39E-13,0.637018233,3.42E-13,0.218388313
0.607891112,0.182569961,3.44E-13,0.650764323,3.42E-13,0.223856849
0.633459789,0.187861882,3.55E-13,0.664278621,3.56E-13,0.229290515
0.678694662,0.198360531,3.58E-13,0.690399808,3.50E-13,0.239949046
0.697563425,0.203402997,3.61E-13,0.702882362,3.57E-13,0.245109355
0.726321062,0.21267168,3.63E-13,0.726321062,3.70E-13,0.254890421
0.748473278,0.22119556,3.69E-13,0.748473278,3.67E-13,0.264064436
0.781471593,0.233633171,3.73E-13,0.781471593,3.69E-13,0.277416119
0.792387651,0.237672502,3.75E-13,0.792387651,3.75E-13,0.281746792
0.803252033,0.241652983,3.76E-13,0.803252033,3.78E-13,0.286013245
0.814058332,0.245571351,3.76E-13,0.814058332,3.79E-13,0.290213018
0.824799859,0.24942441,3.82E-13,0.824799859,3.78E-13,0.294343721
0.835469643,0.253209042,3.84E-13,0.835469643,3.83E-13,0.29840304
0.846060434,0.256922216,3.88E-13,0.846060434,3.83E-13,0.302388737
0.856564699,0.260561002,3.86E-13,0.856564699,3.82E-13,0.306298648
0.866974626,0.264122572,3.90E-13,0.866974626,3.88E-13,0.310130686
0.877282125,0.267604221,3.89E-13,0.877282125,3.86E-13,0.313882841
0.887478834,0.271003364,3.85E-13,0.887478834,3.84E-13,0.31755318
0.897556124,0.274317556,3.93E-13,0.897556124,3.94E-13,0.321139849
0.907505104,0.277544495,3.92E-13,0.907505104,3.96E-13,0.324641067
0.917316631,0.280682032,3.96E-13,0.917316631,4.03E-13,0.328055133
0.92698132,0.283728177,3.96E-13,0.92698132,3.92E-13,0.331380418
0.936489555,0.286681111,3.96E-13,0.936489555,3.98E-13,0.334615372
0.945831508,0.289539186,3.96E-13,0.945831508,4.00E-13,0.337758515
0.954997149,0.292300933,3.99E-13,0.954997149,4.09E-13,0.340808442
0.96397627,0.294965068,3.97E-13,0.96397627,4.04E-13,0.343763818
0.972758504,0.297530491,4.03E-13,0.972758504,4.04E-13,0.346623377
0.981333349,0.299996289,4.04E-13,0.981333349,3.98E-13,0.349385925
0.989690195,0.302361737,4.04E-13,0.989690195,3.97E-13,0.35205033
0.99781835,0.304626296,4.01E-13,0.99781835,4.04E-13,0.354615527
1.005707077,0.306789607,4.01E-13,1.005707077,4.10E-13,0.357080516
1.01334562,0.308851491,4.06E-13,1.01334562,4.10E-13,0.359444355
1.020723244,0.310811936,4.05E-13,1.020723244,4.09E-13,0.361706162
1.027829273,0.312671094,4.09E-13,1.027829273,4.06E-13,0.363865113
1.034653131,0.314429268,4.09E-13,1.034653131,4.18E-13,0.365920441
1.041184381,0.316086899,4.04E-13,1.041184381,4.09E-13,0.367871429
1.047412769,0.317644555,4.12E-13,1.047412769,4.15E-13,0.369717414
1.053328271,0.319102914,4.13E-13,1.053328271,4.18E-13,0.371457781
1.058921138,0.320462747,4.14E-13,1.058921138,4.18E-13,0.373091964
1.064181938,0.321724902,4.16E-13,1.064181938,4.20E-13,0.374619444
1.069101609,0.322890283,4.11E-13,1.069101609,4.15E-13,0.376039743
1.073671497,0.323959831,4.15E-13,1.073671497,4.15E-13,0.377352427
1.081729638,0.325815257,4.09E-13,1.081729638,4.13E-13,0.379653425
1.08520303,0.326603013,4.13E-13,1.08520303,4.17E-13,0.380641072
1.088296994,0.327298649,4.14E-13,1.088296994,4.14E-13,0.381519772
1.093323312,0.328416654,4.14E-13,1.093323312,4.09E-13,0.382949419
1.098901099,0.32967033,4.13E-13,1.098901099,4.14E-13,0.384615385
1.10E-09,3.30E-10,4.12E-22,1.10E-09,4.17E-22,3.85E-10
0.020052069,7.42E-05,1.20E-14,0.010051929,1.27E-14,1.52E-06
0.030152533,0.000222601,2.04E-14,0.020105624,2.09E-14,5.86E-06
0.050322111,0.000559837,3.24E-14,0.030241749,3.12E-14,2.49E-05
0.0605374,0.000891366,4.10E-14,0.040356185,4.05E-14,4.62E-05
0.080838887,0.001491498,5.15E-14,0.050587046,5.30E-14,0.000105527
0.091177519,0.00200962,5.98E-14,0.060768529,6.18E-14,0.000158757
0.111622325,0.002877823,7.35E-14,0.071101559,7.15E-14,0.000283362
0.1220923,0.003587122,7.71E-14,0.081355491,8.08E-14,0.000385033
0.142691742,0.004729631,9.00E-14,0.091797955,9.09E-14,0.000602753
0.153301251,0.005635131,9.85E-14,0.102129789,9.85E-14,0.000771305
0.174066963,0.007058784,1.10E-13,0.112689115,1.08E-13,0.001113034
0.184824522,0.008165872,1.18E-13,0.123104488,1.19E-13,0.001369075
0.205768576,0.009878025,1.26E-13,0.133788372,1.28E-13,0.001869158
0.216683042,0.011192446,1.31E-13,0.144293153,1.38E-13,0.002235713
0.237817898,0.01320097,1.45E-13,0.155109619,1.46E-13,0.002932268
0.248898403,0.014728883,1.51E-13,0.165709955,1.52E-13,0.003435014
0.27023705,0.017042321,1.59E-13,0.17666742,1.60E-13,0.0043702
0.281493608,0.01879052,1.66E-13,0.187369767,1.69E-13,0.005037646
0.30305117,0.021418431,1.79E-13,0.198477061,1.76E-13,0.006257821
0.314496716,0.023394555,1.81E-13,0.209288153,1.83E-13,0.007121427
0.336293498,0.026347627,1.92E-13,0.220554415,1.92E-13,0.00867717
0.347946014,0.028559948,1.98E-13,0.231481159,1.97E-13,0.009771347
0.370009385,0.03184937,2.09E-13,0.242915612,2.08E-13,0.011717258
0.381891767,0.034306017,2.14E-13,0.253964924,2.14E-13,0.01307922
0.404254368,0.037942122,2.21E-13,0.26557659,2.21E-13,0.015473429
0.416391113,0.040649988,2.30E-13,0.276755247,2.32E-13,0.017142831
0.439085141,0.044640569,2.36E-13,0.288552683,2.36E-13,0.020046144
0.45149688,0.047604289,2.38E-13,0.299867221,2.46E-13,0.022064453
0.474546171,0.051953069,2.49E-13,0.311858372,2.54E-13,0.02553906
0.487243894,0.055174345,2.53E-13,0.323315099,2.59E-13,0.027948639
0.510656065,0.059879911,2.68E-13,0.33550734,2.66E-13,0.032056369
0.523636575,0.063357229,2.70E-13,0.34711253,2.64E-13,0.034899253
0.547396923,0.068412482,2.74E-13,0.359512948,2.78E-13,0.039699399
0.560640249,0.072141134,2.85E-13,0.371273203,2.80E-13,0.043015782
0.584708132,0.077533108,2.93E-13,0.383889035,2.89E-13,0.048562546
0.598176875,0.081505296,2.92E-13,0.395811729,2.89E-13,0.052388986
0.622484511,0.087215126,3.00E-13,0.408650825,2.99E-13,0.058728623
0.636124628,0.091419979,3.09E-13,0.420744441,3.11E-13,0.063095987
0.660577763,0.097422823,3.14E-13,0.433815554,3.12E-13,0.070263709
0.674320193,0.101846204,3.19E-13,0.446089771,3.17E-13,0.075194888
0.698800015,0.108111039,3.23E-13,0.459402527,3.25E-13,0.083211616
0.712562632,0.112735152,3.23E-13,0.471867934,3.30E-13,0.088719037
0.736928389,0.119224463,3.34E-13,0.485432438,3.33E-13,0.097588104
0.750617982,0.124027359,3.35E-13,0.498099844,3.48E-13,0.103671137
0.774709949,0.130696834,3.42E-13,0.511925963,3.40E-13,0.113375109
0.788224098,0.135651941,3.53E-13,0.524805398,3.48E-13,0.120017527
0.811866696,0.142450317,3.47E-13,0.538901874,3.53E-13,0.130515396
0.825095527,0.147526139,3.59E-13,0.552001395,3.53E-13,0.137683117
0.848100499,0.154395308,3.60E-13,0.566375007,3.58E-13,0.14890823
0.860928396,0.159555392,3.56E-13,0.579699511,3.69E-13,0.156547695
0.88309798,0.166430818,3.67E-13,0.594354512,3.62E-13,0.168406888
0.895405277,0.171634034,3.74E-13,0.607904758,3.78E-13,0.176444441
0.916535294,0.178445452,3.76E-13,0.622842851,3.83E-13,0.188818934
0.928199979,0.183646561,3.80E-13,0.636614893,3.73E-13,0.197161647
0.948082649,0.190318832,3.85E-13,0.651836035,3.83E-13,0.20991035
0.95898197,0.195469238,3.88E-13,0.66582129,3.86E-13,0.218448709
0.97740804,0.201923103,3.91E-13,0.68132577,4.00E-13,0.2314148
0.987419742,0.206971578,3.91E-13,0.695512074,3.96E-13,0.240027824
1.004179001,0.21312379,3.96E-13,0.711304845,3.99E-13,0.253050242
1.013181492,0.218016753,3.97E-13,0.725679282,3.98E-13,0.261614199
1.02805935,0.223778329,4.06E-13,0.741779382,4.01E-13,0.274548844
1.03592889,0.228458607,4.04E-13,0.756335416,4.04E-13,0.282953701
1.048691833,0.233727224,4.09E-13,0.772801349,4.12E-13,0.295724068
1.055289705,0.238127406,4.14E-13,0.787562154,4.09E-13,0.303919166
1.065624325,0.242756223,4.12E-13,0.804611166,4.14E-13,0.316736818
1.070752369,0.246817114,4.17E-13,0.819907901,4.10E-13,0.324970936
1.098901099,0.32967033,4.13E-13,1.098901099,4.14E-13,0.384615385
1.10E-09,3.30E-10,4.12E-22,1.10E-09,4.17E-22,3.85E-10
0.010051929,7.42E-05,1.22E-14,0.020052069,1.18E-14,1.52E-06
0.020105624,0.000222601,2.11E-14,0.030152533,1.96E-14,5.86E-06
0.030241749,0.000559837,3.05E-14,0.050322111,3.29E-14,2.49E-05
0.040356185,0.000891366,4.00E-14,0.0605374,3.99E-14,4.62E-05
0.050587046,0.001491498,5.25E-14,0.080838887,5.27E-14,0.000105527
0.060768529,0.00200962,5.97E-14,0.091177519,5.98E-14,0.000158757
0.071101559,0.002877823,7.16E-14,0.111622325,7.30E-14,0.000283362
0.081355491,0.003587122,8.06E-14,0.1220923,7.67E-14,0.000385033
0.091797955,0.004729631,9.07E-14,0.142691742,9.05E-14,0.000602753
0.102129789,0.005635131,9.50E-14,0.153301251,9.83E-14,0.000771305
0.112689115,0.007058784,1.10E-13,0.174066963,1.09E-13,0.001113034
0.123104488,0.008165872,1.16E-13,0.184824522,1.16E-13,0.001369075
0.133788372,0.009878025,1.27E-13,0.205768576,1.21E-13,0.001869158
0.144293153,0.011192446,1.34E-13,0.216683042,1.35E-13,0.002235713
0.155109619,0.01320097,1.42E-13,0.237817898,1.44E-13,0.002932268
0.165709955,0.014728883,1.48E-13,0.248898403,1.48E-13,0.003435014
0.17666742,0.017042321,1.62E-13,0.27023705,1.60E-13,0.0043702
0.187369767,0.01879052,1.71E-13,0.281493608,1.67E-13,0.005037646
0.198477061,0.021418431,1.79E-13,0.30305117,1.76E-13,0.006257821
0.209288153,0.023394555,1.81E-13,0.314496716,1.82E-13,0.007121427
0.220554415,0.026347627,1.91E-13,0.336293498,1.95E-13,0.00867717
0.231481159,0.028559948,1.96E-13,0.347946014,1.98E-13,0.009771347
0.242915612,0.03184937,2.08E-13,0.370009385,2.09E-13,0.011717258
0.253964924,0.034306017,2.13E-13,0.381891767,2.18E-13,0.01307922
0.26557659,0.037942122,2.28E-13,0.404254368,2.24E-13,0.015473429
0.276755247,0.040649988,2.29E-13,0.416391113,2.26E-13,0.017142831
0.288552683,0.044640569,2.38E-13,0.439085141,2.40E-13,0.020046144
0.299867221,0.047604289,2.44E-13,0.45149688,2.46E-13,0.022064453
0.311858372,0.051953069,2.58E-13,0.474546171,2.54E-13,0.02553906
0.323315099,0.055174345,2.57E-13,0.487243894,2.54E-13,0.027948639
0.33550734,0.059879911,2.66E-13,0.510656065,2.65E-13,0.032056369
0.34711253,0.063357229,2.68E-13,0.523636575,2.71E-13,0.034899253
0.359512948,0.068412482,2.75E-13,0.547396923,2.86E-13,0.039699399
0.371273203,0.072141134,2.84E-13,0.560640249,2.81E-13,0.043015782
0.383889035,0.077533108,2.85E-13,0.584708132,2.88E-13,0.048562546
0.395811729,0.081505296,2.92E-13,0.598176875,2.96E-13,0.052388986
0.408650825,0.087215126,3.01E-13,0.622484511,3.04E-13,0.058728623
0.420744441,0.091419979,3.03E-13,0.636124628,3.05E-13,0.063095987
0.433815554,0.097422823,3.08E-13,0.660577763,3.12E-13,0.070263709
0.446089771,0.101846204,3.12E-13,0.674320193,3.13E-13,0.075194888
0.459402527,0.108111039,3.23E-13,0.698800015,3.27E-13,0.083211616
0.471867934,0.112735152,3.23E-13,0.712562632,3.31E-13,0.088719037
0.485432438,0.119224463,3.39E-13,0.736928389,3.36E-13,0.097588104
0.498099844,0.124027359,3.34E-13,0.750617982,3.37E-13,0.103671137
0.511925963,0.130696834,3.43E-13,0.774709949,3.44E-13,0.113375109
0.524805398,0.135651941,3.47E-13,0.788224098,3.52E-13,0.120017527
0.538901874,0.142450317,3.55E-13,0.811866696,3.54E-13,0.130515396
0.552001395,0.147526139,3.66E-13,0.825095527,3.60E-13,0.137683117
0.566375007,0.154395308,3.60E-13,0.848100499,3.68E-13,0.14890823
0.579699511,0.159555392,3.65E-13,0.860928396,3.66E-13,0.156547695
0.594354512,0.166430818,3.65E-13,0.88309798,3.71E-13,0.168406888
0.607904758,0.171634034,3.72E-13,0.895405277,3.73E-13,0.176444441
0.622842851,0.178445452,3.77E-13,0.916535294,3.74E-13,0.188818934
0.636614893,0.183646561,3.76E-13,0.928199979,3.85E-13,0.197161647
0.651836035,0.190318832,3.88E-13,0.948082649,3.85E-13,0.20991035
0.66582129,0.195469238,3.87E-13,0.95898197,3.88E-13,0.218448709
0.68132577,0.201923103,3.93E-13,0.97740804,3.95E-13,0.2314148
0.695512074,0.206971578,3.96E-13,0.987419742,3.90E-13,0.240027824
0.711304845,0.21312379,4.00E-13,1.004179001,3.99E-13,0.253050242
0.725679282,0.218016753,3.99E-13,1.013181492,4.01E-13,0.261614199
0.741779382,0.223778329,4.01E-13,1.02805935,3.96E-13,0.274548844
0.756335416,0.228458607,4.02E-13,1.03592889,4.07E-13,0.282953701
0.772801349,0.233727224,4.06E-13,1.048691833,4.13E-13,0.295724068
0.787562154,0.238127406,4.12E-13,1.055289705,4.10E-13,0.303919166
0.804611166,0.242756223,4.13E-13,1.065624325,4.14E-13,0.316736818
0.819907901,0.246817114,4.13E-13,1.070752369,4.10E-13,0.324970936
1.098901099,0.32967033,4.13E-13,1.098901099,4.14E-13,0.384615385
